phase,source_url,destination_url,anchor_text,link_context,http_status,final_url,chain_length,verification,rel,recommended_action
baseline,https://rust.robertdevore.com/,https://github.com/robertdevore/rust.robertdevore.com,Source & exercises ↗,div,200,https://github.com/robertdevore/rust.robertdevore.com,0,valid,,
baseline,https://rust.robertdevore.com/course/,https://github.com/robertdevore/rust.robertdevore.com,Source & exercises ↗,div,200,https://github.com/robertdevore/rust.robertdevore.com,0,valid,,
baseline,https://rust.robertdevore.com/course/01-start/,https://rust-lang.org/tools/install/,the official installer,p,200,https://rust-lang.org/tools/install/,0,valid,,
baseline,https://rust.robertdevore.com/course/01-start/,https://github.com/robertdevore/rust.robertdevore.com,course repository,p,200,https://github.com/robertdevore/rust.robertdevore.com,0,valid,,
baseline,https://rust.robertdevore.com/course/01-start/,https://github.com/robertdevore/rust.robertdevore.com/blob/main/examples/01_setup.rs,View the tested source,p,200,https://github.com/robertdevore/rust.robertdevore.com/blob/main/examples/01_setup.rs,0,valid,,
baseline,https://rust.robertdevore.com/course/01-start/,https://doc.rust-lang.org/cargo/getting-started/first-steps.html,Cargo's first steps,p,200,https://doc.rust-lang.org/cargo/getting-started/first-steps.html,0,valid,,
baseline,https://rust.robertdevore.com/course/01-start/,https://doc.rust-lang.org/edition-guide/editions/index.html,Edition Guide,p,200,https://doc.rust-lang.org/edition-guide/editions/index.html,0,valid,,
baseline,https://rust.robertdevore.com/course/01-start/,https://github.com/robertdevore/rust.robertdevore.com,Source & exercises ↗,div,200,https://github.com/robertdevore/rust.robertdevore.com,0,valid,,
baseline,https://rust.robertdevore.com/course/02-values/,https://github.com/robertdevore/rust.robertdevore.com/blob/main/examples/02_values.rs,View the tested source,p,200,https://github.com/robertdevore/rust.robertdevore.com/blob/main/examples/02_values.rs,0,valid,,
baseline,https://rust.robertdevore.com/course/02-values/,https://doc.rust-lang.org/std/primitive.u32.html,primitive numeric types,p,200,https://doc.rust-lang.org/std/primitive.u32.html,0,valid,,
baseline,https://rust.robertdevore.com/course/02-values/,https://doc.rust-lang.org/book/ch03-05-control-flow.html,control flow,p,200,https://doc.rust-lang.org/book/ch03-05-control-flow.html,0,valid,,
baseline,https://rust.robertdevore.com/course/02-values/,https://doc.rust-lang.org/reference/statements-and-expressions.html,statements and expressions,p,200,https://doc.rust-lang.org/reference/statements-and-expressions.html,0,valid,,
baseline,https://rust.robertdevore.com/course/02-values/,https://github.com/robertdevore/rust.robertdevore.com,Source & exercises ↗,div,200,https://github.com/robertdevore/rust.robertdevore.com,0,valid,,
baseline,https://rust.robertdevore.com/course/03-ownership/,https://github.com/robertdevore/rust.robertdevore.com/blob/main/examples/03_ownership.rs,View the tested source,p,200,https://github.com/robertdevore/rust.robertdevore.com/blob/main/examples/03_ownership.rs,0,valid,,
baseline,https://rust.robertdevore.com/course/03-ownership/,https://doc.rust-lang.org/reference/expressions.html#place-expressions-and-value-expressions,places and moves,p,200,https://doc.rust-lang.org/reference/expressions.html,0,valid,,
baseline,https://rust.robertdevore.com/course/03-ownership/,https://doc.rust-lang.org/reference/destructors.html,destructors,p,200,https://doc.rust-lang.org/reference/destructors.html,0,valid,,
baseline,https://rust.robertdevore.com/course/03-ownership/,https://doc.rust-lang.org/std/marker/trait.Copy.html,Copy,p,200,https://doc.rust-lang.org/std/marker/trait.Copy.html,0,valid,,
baseline,https://rust.robertdevore.com/course/03-ownership/,https://github.com/robertdevore/rust.robertdevore.com,Source & exercises ↗,div,200,https://github.com/robertdevore/rust.robertdevore.com,0,valid,,
baseline,https://rust.robertdevore.com/course/04-borrowing/,https://github.com/robertdevore/rust.robertdevore.com/blob/main/examples/04_borrowing.rs,View the tested source,p,200,https://github.com/robertdevore/rust.robertdevore.com/blob/main/examples/04_borrowing.rs,0,valid,,
baseline,https://rust.robertdevore.com/course/04-borrowing/,https://doc.rust-lang.org/book/ch04-02-references-and-borrowing.html,borrowing,p,200,https://doc.rust-lang.org/book/ch04-02-references-and-borrowing.html,0,valid,,
baseline,https://rust.robertdevore.com/course/04-borrowing/,https://rustc-dev-guide.rust-lang.org/borrow_check.html,borrow-checking internals,p,200,https://rustc-dev-guide.rust-lang.org/borrow_check.html,0,valid,,
baseline,https://rust.robertdevore.com/course/04-borrowing/,https://doc.rust-lang.org/std/primitive.slice.html#method.split_at_mut,split_at_mut,p,200,https://doc.rust-lang.org/std/primitive.slice.html,0,valid,,
baseline,https://rust.robertdevore.com/course/04-borrowing/,https://github.com/robertdevore/rust.robertdevore.com,Source & exercises ↗,div,200,https://github.com/robertdevore/rust.robertdevore.com,0,valid,,
baseline,https://rust.robertdevore.com/course/05-text/,https://github.com/robertdevore/rust.robertdevore.com/blob/main/examples/05_text.rs,View the tested source,p,200,https://github.com/robertdevore/rust.robertdevore.com/blob/main/examples/05_text.rs,0,valid,,
baseline,https://rust.robertdevore.com/course/05-text/,https://doc.rust-lang.org/std/primitive.str.html,str,p,200,https://doc.rust-lang.org/std/primitive.str.html,0,valid,,
baseline,https://rust.robertdevore.com/course/05-text/,https://doc.rust-lang.org/std/vec/struct.Vec.html,Vec,p,200,https://doc.rust-lang.org/std/vec/struct.Vec.html,0,valid,,
baseline,https://rust.robertdevore.com/course/05-text/,https://doc.rust-lang.org/std/collections/index.html,collections,p,200,https://doc.rust-lang.org/std/collections/index.html,0,valid,,
baseline,https://rust.robertdevore.com/course/05-text/,https://github.com/robertdevore/rust.robertdevore.com,Source & exercises ↗,div,200,https://github.com/robertdevore/rust.robertdevore.com,0,valid,,
baseline,https://rust.robertdevore.com/course/06-model/,https://github.com/robertdevore/rust.robertdevore.com/blob/main/examples/06_model.rs,View the tested source,p,200,https://github.com/robertdevore/rust.robertdevore.com/blob/main/examples/06_model.rs,0,valid,,
baseline,https://rust.robertdevore.com/course/06-model/,https://doc.rust-lang.org/book/ch06-00-enums.html,enums and matching,p,200,https://doc.rust-lang.org/book/ch06-00-enums.html,0,valid,,
baseline,https://rust.robertdevore.com/course/06-model/,https://doc.rust-lang.org/reference/visibility-and-privacy.html,visibility,p,200,https://doc.rust-lang.org/reference/visibility-and-privacy.html,0,valid,,
baseline,https://rust.robertdevore.com/course/06-model/,https://rust-lang.github.io/api-guidelines/,API guidelines,p,200,https://rust-lang.github.io/api-guidelines/,0,valid,,
baseline,https://rust.robertdevore.com/course/06-model/,https://github.com/robertdevore/rust.robertdevore.com,Source & exercises ↗,div,200,https://github.com/robertdevore/rust.robertdevore.com,0,valid,,
baseline,https://rust.robertdevore.com/course/07-errors/,https://github.com/robertdevore/rust.robertdevore.com/blob/main/examples/07_errors.rs,View the tested source,p,200,https://github.com/robertdevore/rust.robertdevore.com/blob/main/examples/07_errors.rs,0,valid,,
baseline,https://rust.robertdevore.com/course/07-errors/,https://doc.rust-lang.org/std/result/,Result,p,200,https://doc.rust-lang.org/std/result/,0,valid,,
baseline,https://rust.robertdevore.com/course/07-errors/,https://doc.rust-lang.org/std/error/trait.Error.html,Error,p,200,https://doc.rust-lang.org/std/error/trait.Error.html,0,valid,,
baseline,https://rust.robertdevore.com/course/07-errors/,https://github.com/dtolnay/thiserror,thiserror's maintainer documentation,p,200,https://github.com/dtolnay/thiserror,0,valid,,
baseline,https://rust.robertdevore.com/course/07-errors/,https://github.com/robertdevore/rust.robertdevore.com,Source & exercises ↗,div,200,https://github.com/robertdevore/rust.robertdevore.com,0,valid,,
baseline,https://rust.robertdevore.com/course/08-first-build/,https://github.com/robertdevore/rust.robertdevore.com/blob/main/examples/08_stage_one.rs,View the tested source,p,200,https://github.com/robertdevore/rust.robertdevore.com/blob/main/examples/08_stage_one.rs,0,valid,,
baseline,https://rust.robertdevore.com/course/08-first-build/,https://doc.rust-lang.org/std/primitive.str.html#method.lines,str::lines,p,200,https://doc.rust-lang.org/std/primitive.str.html,0,valid,,
baseline,https://rust.robertdevore.com/course/08-first-build/,https://doc.rust-lang.org/std/primitive.str.html#method.split_once,split_once,p,200,https://doc.rust-lang.org/std/primitive.str.html,0,valid,,
baseline,https://rust.robertdevore.com/course/08-first-build/,https://github.com/robertdevore/rust.robertdevore.com,Source & exercises ↗,div,200,https://github.com/robertdevore/rust.robertdevore.com,0,valid,,
baseline,https://rust.robertdevore.com/course/09-lifetimes/,https://github.com/robertdevore/rust.robertdevore.com/blob/main/examples/09_lifetimes.rs,View the tested source,p,200,https://github.com/robertdevore/rust.robertdevore.com/blob/main/examples/09_lifetimes.rs,0,valid,,
baseline,https://rust.robertdevore.com/course/09-lifetimes/,https://doc.rust-lang.org/reference/lifetime-elision.html,lifetime elision,p,200,https://doc.rust-lang.org/reference/lifetime-elision.html,0,valid,,
baseline,https://rust.robertdevore.com/course/09-lifetimes/,https://doc.rust-lang.org/reference/trait-bounds.html,trait and lifetime bounds,p,200,https://doc.rust-lang.org/reference/trait-bounds.html,0,valid,,
baseline,https://rust.robertdevore.com/course/09-lifetimes/,https://doc.rust-lang.org/book/ch10-03-lifetime-syntax.html,lifetime syntax,p,200,https://doc.rust-lang.org/book/ch10-03-lifetime-syntax.html,0,valid,,
baseline,https://rust.robertdevore.com/course/09-lifetimes/,https://github.com/robertdevore/rust.robertdevore.com,Source & exercises ↗,div,200,https://github.com/robertdevore/rust.robertdevore.com,0,valid,,
baseline,https://rust.robertdevore.com/course/10-traits/,https://github.com/robertdevore/rust.robertdevore.com/blob/main/examples/10_traits.rs,View the tested source,p,200,https://github.com/robertdevore/rust.robertdevore.com/blob/main/examples/10_traits.rs,0,valid,,
baseline,https://rust.robertdevore.com/course/10-traits/,https://doc.rust-lang.org/std/io/trait.Write.html,Write,p,200,https://doc.rust-lang.org/std/io/trait.Write.html,0,valid,,
baseline,https://rust.robertdevore.com/course/10-traits/,https://doc.rust-lang.org/reference/items/traits.html#dyn-compatibility,dyn compatibility,p,200,https://doc.rust-lang.org/reference/items/traits.html,0,valid,,
baseline,https://rust.robertdevore.com/course/10-traits/,https://doc.rust-lang.org/reference/items/implementations.html#trait-implementation-coherence,coherence,p,200,https://doc.rust-lang.org/reference/items/implementations.html,0,valid,,
baseline,https://rust.robertdevore.com/course/10-traits/,https://github.com/robertdevore/rust.robertdevore.com,Source & exercises ↗,div,200,https://github.com/robertdevore/rust.robertdevore.com,0,valid,,
baseline,https://rust.robertdevore.com/course/11-iterators/,https://github.com/robertdevore/rust.robertdevore.com/blob/main/examples/11_iterators.rs,View the tested source,p,200,https://github.com/robertdevore/rust.robertdevore.com/blob/main/examples/11_iterators.rs,0,valid,,
baseline,https://rust.robertdevore.com/course/11-iterators/,https://doc.rust-lang.org/std/iter/trait.Iterator.html,Iterator,p,200,https://doc.rust-lang.org/std/iter/trait.Iterator.html,0,valid,,
baseline,https://rust.robertdevore.com/course/11-iterators/,https://doc.rust-lang.org/reference/types/closure.html,closure capture,p,200,https://doc.rust-lang.org/reference/types/closure.html,0,valid,,
baseline,https://rust.robertdevore.com/course/11-iterators/,"https://doc.rust-lang.org/std/result/enum.Result.html#impl-FromIterator%3CResult%3CA,+E%3E%3E-for-Result%3CV,+E%3E",FromIterator for Result,p,200,https://doc.rust-lang.org/std/result/enum.Result.html,0,valid,,
baseline,https://rust.robertdevore.com/course/11-iterators/,https://github.com/robertdevore/rust.robertdevore.com,Source & exercises ↗,div,200,https://github.com/robertdevore/rust.robertdevore.com,0,valid,,
baseline,https://rust.robertdevore.com/course/12-reader/,https://github.com/robertdevore/rust.robertdevore.com/blob/main/examples/12_stage_two.rs,View the tested source,p,200,https://github.com/robertdevore/rust.robertdevore.com/blob/main/examples/12_stage_two.rs,0,valid,,
baseline,https://rust.robertdevore.com/course/12-reader/,https://doc.rust-lang.org/std/io/trait.BufRead.html,BufRead,p,200,https://doc.rust-lang.org/std/io/trait.BufRead.html,0,valid,,
baseline,https://rust.robertdevore.com/course/12-reader/,https://doc.rust-lang.org/std/io/struct.Cursor.html,Cursor,p,200,https://doc.rust-lang.org/std/io/struct.Cursor.html,0,valid,,
baseline,https://rust.robertdevore.com/course/12-reader/,https://doc.rust-lang.org/std/str/fn.from_utf8.html,from_utf8,p,200,https://doc.rust-lang.org/std/str/fn.from_utf8.html,0,valid,,
baseline,https://rust.robertdevore.com/course/12-reader/,https://github.com/robertdevore/rust.robertdevore.com,Source & exercises ↗,div,200,https://github.com/robertdevore/rust.robertdevore.com,0,valid,,
baseline,https://rust.robertdevore.com/course/13-cargo/,https://github.com/robertdevore/rust.robertdevore.com/blob/main/examples/13_cargo.rs,View the tested source,p,200,https://github.com/robertdevore/rust.robertdevore.com/blob/main/examples/13_cargo.rs,0,valid,,
baseline,https://rust.robertdevore.com/course/13-cargo/,https://doc.rust-lang.org/cargo/reference/workspaces.html,workspaces,p,200,https://doc.rust-lang.org/cargo/reference/workspaces.html,0,valid,,
baseline,https://rust.robertdevore.com/course/13-cargo/,https://doc.rust-lang.org/cargo/reference/resolver.html,resolver,p,200,https://doc.rust-lang.org/cargo/reference/resolver.html,0,valid,,
baseline,https://rust.robertdevore.com/course/13-cargo/,https://doc.rust-lang.org/cargo/reference/features.html,features,p,200,https://doc.rust-lang.org/cargo/reference/features.html,0,valid,,
baseline,https://rust.robertdevore.com/course/13-cargo/,https://doc.rust-lang.org/cargo/reference/profiles.html,profiles,p,200,https://doc.rust-lang.org/cargo/reference/profiles.html,0,valid,,
baseline,https://rust.robertdevore.com/course/13-cargo/,https://github.com/robertdevore/rust.robertdevore.com,Source & exercises ↗,div,200,https://github.com/robertdevore/rust.robertdevore.com,0,valid,,
baseline,https://rust.robertdevore.com/course/14-testing/,https://github.com/robertdevore/rust.robertdevore.com/blob/main/examples/14_testing.rs,View the tested source,p,200,https://github.com/robertdevore/rust.robertdevore.com/blob/main/examples/14_testing.rs,0,valid,,
baseline,https://rust.robertdevore.com/course/14-testing/,https://doc.rust-lang.org/cargo/commands/cargo-test.html,Cargo test,p,200,https://doc.rust-lang.org/cargo/commands/cargo-test.html,0,valid,,
baseline,https://rust.robertdevore.com/course/14-testing/,https://doc.rust-lang.org/rustc/json.html,rustc JSON diagnostics,p,200,https://doc.rust-lang.org/rustc/json.html,0,valid,,
baseline,https://rust.robertdevore.com/course/14-testing/,https://doc.rust-lang.org/stable/clippy/usage.html,Clippy usage,p,200,https://doc.rust-lang.org/stable/clippy/usage.html,0,valid,,
baseline,https://rust.robertdevore.com/course/14-testing/,https://github.com/robertdevore/rust.robertdevore.com,Source & exercises ↗,div,200,https://github.com/robertdevore/rust.robertdevore.com,0,valid,,
baseline,https://rust.robertdevore.com/course/15-interior/,https://github.com/robertdevore/rust.robertdevore.com/blob/main/examples/15_interior.rs,View the tested source,p,200,https://github.com/robertdevore/rust.robertdevore.com/blob/main/examples/15_interior.rs,0,valid,,
baseline,https://rust.robertdevore.com/course/15-interior/,https://doc.rust-lang.org/std/cell/struct.RefCell.html,RefCell,p,200,https://doc.rust-lang.org/std/cell/struct.RefCell.html,0,valid,,
baseline,https://rust.robertdevore.com/course/15-interior/,https://doc.rust-lang.org/std/cell/struct.UnsafeCell.html,UnsafeCell,p,200,https://doc.rust-lang.org/std/cell/struct.UnsafeCell.html,0,valid,,
baseline,https://rust.robertdevore.com/course/15-interior/,https://doc.rust-lang.org/std/rc/,Rc,p,200,https://doc.rust-lang.org/std/rc/,0,valid,,
baseline,https://rust.robertdevore.com/course/15-interior/,https://github.com/robertdevore/rust.robertdevore.com,Source & exercises ↗,div,200,https://github.com/robertdevore/rust.robertdevore.com,0,valid,,
baseline,https://rust.robertdevore.com/course/16-threads/,https://github.com/robertdevore/rust.robertdevore.com/blob/main/examples/16_threads.rs,View the tested source,p,200,https://github.com/robertdevore/rust.robertdevore.com/blob/main/examples/16_threads.rs,0,valid,,
baseline,https://rust.robertdevore.com/course/16-threads/,https://doc.rust-lang.org/std/thread/fn.scope.html,thread::scope,p,200,https://doc.rust-lang.org/std/thread/fn.scope.html,0,valid,,
baseline,https://rust.robertdevore.com/course/16-threads/,https://doc.rust-lang.org/std/marker/trait.Send.html,Send,p,200,https://doc.rust-lang.org/std/marker/trait.Send.html,0,valid,,
baseline,https://rust.robertdevore.com/course/16-threads/,https://doc.rust-lang.org/std/marker/trait.Sync.html,Sync,p,200,https://doc.rust-lang.org/std/marker/trait.Sync.html,0,valid,,
baseline,https://rust.robertdevore.com/course/16-threads/,https://github.com/robertdevore/rust.robertdevore.com,Source & exercises ↗,div,200,https://github.com/robertdevore/rust.robertdevore.com,0,valid,,
baseline,https://rust.robertdevore.com/course/17-synchronization/,https://github.com/robertdevore/rust.robertdevore.com/blob/main/examples/17_sync.rs,View the tested source,p,200,https://github.com/robertdevore/rust.robertdevore.com/blob/main/examples/17_sync.rs,0,valid,,
baseline,https://rust.robertdevore.com/course/17-synchronization/,https://doc.rust-lang.org/std/sync/mpsc/fn.sync_channel.html,sync_channel,p,200,https://doc.rust-lang.org/std/sync/mpsc/fn.sync_channel.html,0,valid,,
baseline,https://rust.robertdevore.com/course/17-synchronization/,https://doc.rust-lang.org/std/sync/struct.Mutex.html,Mutex,p,200,https://doc.rust-lang.org/std/sync/struct.Mutex.html,0,valid,,
baseline,https://rust.robertdevore.com/course/17-synchronization/,https://doc.rust-lang.org/book/ch16-02-message-passing.html,message-passing concurrency,p,200,https://doc.rust-lang.org/book/ch16-02-message-passing.html,0,valid,,
baseline,https://rust.robertdevore.com/course/17-synchronization/,https://github.com/robertdevore/rust.robertdevore.com,Source & exercises ↗,div,200,https://github.com/robertdevore/rust.robertdevore.com,0,valid,,
baseline,https://rust.robertdevore.com/course/18-atomics/,https://github.com/robertdevore/rust.robertdevore.com/blob/main/examples/18_atomics.rs,View the tested source,p,200,https://github.com/robertdevore/rust.robertdevore.com/blob/main/examples/18_atomics.rs,0,valid,,
baseline,https://rust.robertdevore.com/course/18-atomics/,https://doc.rust-lang.org/std/sync/atomic/,standard atomic documentation,p,200,https://doc.rust-lang.org/std/sync/atomic/,0,valid,,
baseline,https://rust.robertdevore.com/course/18-atomics/,https://mara.nl/atomics/memory-ordering.html,memory-ordering chapter,p,200,https://mara.nl/atomics/memory-ordering.html,0,valid,,
baseline,https://rust.robertdevore.com/course/18-atomics/,https://github.com/robertdevore/rust.robertdevore.com,Source & exercises ↗,div,200,https://github.com/robertdevore/rust.robertdevore.com,0,valid,,
baseline,https://rust.robertdevore.com/course/19-futures/,https://github.com/robertdevore/rust.robertdevore.com/blob/main/examples/19_futures.rs,View the tested source,p,200,https://github.com/robertdevore/rust.robertdevore.com/blob/main/examples/19_futures.rs,0,valid,,
baseline,https://rust.robertdevore.com/course/19-futures/,https://doc.rust-lang.org/std/future/trait.Future.html,Future,p,200,https://doc.rust-lang.org/std/future/trait.Future.html,0,valid,,
baseline,https://rust.robertdevore.com/course/19-futures/,https://doc.rust-lang.org/reference/expressions/await-expr.html,await expressions,p,200,https://doc.rust-lang.org/reference/expressions/await-expr.html,0,valid,,
baseline,https://rust.robertdevore.com/course/19-futures/,https://doc.rust-lang.org/reference/expressions/block-expr.html#async-blocks,async blocks,p,200,https://doc.rust-lang.org/reference/expressions/block-expr.html,0,valid,,
baseline,https://rust.robertdevore.com/course/19-futures/,https://github.com/robertdevore/rust.robertdevore.com,Source & exercises ↗,div,200,https://github.com/robertdevore/rust.robertdevore.com,0,valid,,
baseline,https://rust.robertdevore.com/course/20-async/,https://github.com/robertdevore/rust.robertdevore.com/blob/main/examples/20_async.rs,View the tested source,p,200,https://github.com/robertdevore/rust.robertdevore.com/blob/main/examples/20_async.rs,0,valid,,
baseline,https://rust.robertdevore.com/course/20-async/,https://tokio.rs/tokio/tutorial/channels,Tokio channels,p,200,https://tokio.rs/tokio/tutorial/channels,0,valid,,
baseline,https://rust.robertdevore.com/course/20-async/,https://tokio.rs/tokio/topics/shutdown,shutdown,p,200,https://tokio.rs/tokio/topics/shutdown,0,valid,,
baseline,https://rust.robertdevore.com/course/20-async/,https://docs.rs/tokio/latest/tokio/task/struct.JoinHandle.html,JoinHandle,p,200,https://docs.rs/tokio/latest/tokio/task/struct.JoinHandle.html,0,valid,,
baseline,https://rust.robertdevore.com/course/20-async/,https://ryhl.io/blog/async-what-is-blocking/,blocking explanation,p,200,https://ryhl.io/blog/async-what-is-blocking/,0,valid,,
baseline,https://rust.robertdevore.com/course/20-async/,https://github.com/robertdevore/rust.robertdevore.com,Source & exercises ↗,div,200,https://github.com/robertdevore/rust.robertdevore.com,0,valid,,
baseline,https://rust.robertdevore.com/course/21-pin/,https://github.com/robertdevore/rust.robertdevore.com/blob/main/examples/21_pin.rs,View the tested source,p,200,https://github.com/robertdevore/rust.robertdevore.com/blob/main/examples/21_pin.rs,0,valid,,
baseline,https://rust.robertdevore.com/course/21-pin/,https://doc.rust-lang.org/std/pin/,std::pin,p,200,https://doc.rust-lang.org/std/pin/,0,valid,,
baseline,https://rust.robertdevore.com/course/21-pin/,https://doc.rust-lang.org/reference/items/traits.html#dyn-compatibility,trait rules,p,200,https://doc.rust-lang.org/reference/items/traits.html,0,valid,,
baseline,https://rust.robertdevore.com/course/21-pin/,https://rust-lang.github.io/rfcs/3185-static-async-fn-in-trait.html,the async trait RFC,p,200,https://rust-lang.github.io/rfcs/3185-static-async-fn-in-trait.html,0,valid,,
baseline,https://rust.robertdevore.com/course/21-pin/,https://github.com/robertdevore/rust.robertdevore.com,Source & exercises ↗,div,200,https://github.com/robertdevore/rust.robertdevore.com,0,valid,,
baseline,https://rust.robertdevore.com/course/22-async-build/,https://github.com/robertdevore/rust.robertdevore.com/blob/main/examples/22_stage_three.rs,View the tested source,p,200,https://github.com/robertdevore/rust.robertdevore.com/blob/main/examples/22_stage_three.rs,0,valid,,
baseline,https://rust.robertdevore.com/course/22-async-build/,https://tokio.rs/tokio/tutorial/shared-state,Tokio shared state,p,200,https://tokio.rs/tokio/tutorial/shared-state,0,valid,,
baseline,https://rust.robertdevore.com/course/22-async-build/,https://docs.rs/tokio/latest/tokio/sync/mpsc/,bounded mpsc,p,200,https://docs.rs/tokio/latest/tokio/sync/mpsc/,0,valid,,
baseline,https://rust.robertdevore.com/course/22-async-build/,https://docs.rs/tokio/latest/tokio/task/struct.JoinSet.html,JoinSet,p,200,https://docs.rs/tokio/latest/tokio/task/struct.JoinSet.html,0,valid,,
baseline,https://rust.robertdevore.com/course/22-async-build/,https://github.com/robertdevore/rust.robertdevore.com,Source & exercises ↗,div,200,https://github.com/robertdevore/rust.robertdevore.com,0,valid,,
baseline,https://rust.robertdevore.com/course/23-unsafe/,https://github.com/robertdevore/rust.robertdevore.com/blob/main/crates/unsafe-lab/src/lib.rs,View the complete source,p,200,https://github.com/robertdevore/rust.robertdevore.com/blob/main/crates/unsafe-lab/src/lib.rs,0,valid,,
baseline,https://rust.robertdevore.com/course/23-unsafe/,https://doc.rust-lang.org/reference/behavior-considered-undefined.html,undefined behavior,p,200,https://doc.rust-lang.org/reference/behavior-considered-undefined.html,0,valid,,
baseline,https://rust.robertdevore.com/course/23-unsafe/,https://doc.rust-lang.org/nomicon/,Rustonomicon,p,200,https://doc.rust-lang.org/nomicon/,0,valid,,
baseline,https://rust.robertdevore.com/course/23-unsafe/,https://doc.rust-lang.org/std/slice/fn.from_raw_parts_mut.html,from_raw_parts_mut,p,200,https://doc.rust-lang.org/std/slice/fn.from_raw_parts_mut.html,0,valid,,
baseline,https://rust.robertdevore.com/course/23-unsafe/,https://github.com/rust-lang/miri,Miri,p,200,https://github.com/rust-lang/miri,0,valid,,
baseline,https://rust.robertdevore.com/course/23-unsafe/,https://github.com/robertdevore/rust.robertdevore.com,Source & exercises ↗,div,200,https://github.com/robertdevore/rust.robertdevore.com,0,valid,,
baseline,https://rust.robertdevore.com/course/24-performance/,https://github.com/robertdevore/rust.robertdevore.com/blob/main/examples/23_performance.rs,View the tested source,p,200,https://github.com/robertdevore/rust.robertdevore.com/blob/main/examples/23_performance.rs,0,valid,,
baseline,https://rust.robertdevore.com/course/24-performance/,https://doc.rust-lang.org/std/hint/fn.black_box.html,black_box,p,200,https://doc.rust-lang.org/std/hint/fn.black_box.html,0,valid,,
baseline,https://rust.robertdevore.com/course/24-performance/,https://doc.rust-lang.org/cargo/reference/profiles.html,Cargo profiles,p,200,https://doc.rust-lang.org/cargo/reference/profiles.html,0,valid,,
baseline,https://rust.robertdevore.com/course/24-performance/,https://blog.rust-lang.org/2026/08/20/Rust-1.98.0/,Rust 1.98 release notes,p,200,https://blog.rust-lang.org/2026/08/20/Rust-1.98.0/,0,valid,,
baseline,https://rust.robertdevore.com/course/24-performance/,https://github.com/robertdevore/rust.robertdevore.com,Source & exercises ↗,div,200,https://github.com/robertdevore/rust.robertdevore.com,0,valid,,
baseline,https://rust.robertdevore.com/course/25-horizon/,https://github.com/robertdevore/rust.robertdevore.com/blob/main/examples/24_const.rs,View the tested source,p,200,https://github.com/robertdevore/rust.robertdevore.com/blob/main/examples/24_const.rs,0,valid,,
baseline,https://rust.robertdevore.com/course/25-horizon/,https://blog.rust-lang.org/inside-rust/2026/08/31/program-management-2026-jul-aug/,July–August program update,p,200,https://blog.rust-lang.org/inside-rust/2026/08/31/program-management-2026-jul-aug/,0,valid,,
baseline,https://rust.robertdevore.com/course/25-horizon/,https://github.com/rust-lang/goals/issues/734,ownership-contract goal,p,200,https://github.com/rust-lang/goals/issues/734,0,valid,,
baseline,https://rust.robertdevore.com/course/25-horizon/,https://blog.rust-lang.org/2026/09/03/Rust-1.98.1/,release fix,p,200,https://blog.rust-lang.org/2026/09/03/Rust-1.98.1/,0,valid,,
baseline,https://rust.robertdevore.com/course/25-horizon/,https://goals.rust-lang.org/2026/goals.html,2026 goals,p,200,https://goals.rust-lang.org/2026/goals.html,0,valid,,
baseline,https://rust.robertdevore.com/course/25-horizon/,https://goals.rust-lang.org/2026/polonius.html,Polonius,p,200,https://goals.rust-lang.org/2026/polonius.html,0,valid,,
baseline,https://rust.robertdevore.com/course/25-horizon/,https://blog.rust-lang.org/2026/08/21/enabling-next-solver-on-nightly/,next-solver rollout,p,200,https://blog.rust-lang.org/2026/08/21/enabling-next-solver-on-nightly/,0,valid,,
baseline,https://rust.robertdevore.com/course/25-horizon/,https://doc.rust-lang.org/cargo/reference/unstable.html,unstable Cargo,p,200,https://doc.rust-lang.org/cargo/reference/unstable.html,0,valid,,
baseline,https://rust.robertdevore.com/course/25-horizon/,https://doc.rust-lang.org/unstable-book/language-features/unsafe-fields.html,unsafe fields,p,200,https://doc.rust-lang.org/unstable-book/language-features/unsafe-fields.html,0,valid,,
baseline,https://rust.robertdevore.com/course/25-horizon/,https://doc.rust-lang.org/unstable-book/language-features/const-trait-impl.html,const traits,p,200,https://doc.rust-lang.org/unstable-book/language-features/const-trait-impl.html,0,valid,,
baseline,https://rust.robertdevore.com/course/25-horizon/,https://doc.rust-lang.org/std/alloc/trait.Allocator.html,allocator API,p,200,https://doc.rust-lang.org/std/alloc/trait.Allocator.html,0,valid,,
baseline,https://rust.robertdevore.com/course/25-horizon/,https://github.com/robertdevore/rust.robertdevore.com,Source & exercises ↗,div,200,https://github.com/robertdevore/rust.robertdevore.com,0,valid,,
baseline,https://rust.robertdevore.com/course/26-interop/,https://github.com/robertdevore/rust.robertdevore.com/blob/main/examples/25_ffi.rs,View the complete source,p,200,https://github.com/robertdevore/rust.robertdevore.com/blob/main/examples/25_ffi.rs,0,valid,,
baseline,https://rust.robertdevore.com/course/26-interop/,https://doc.rust-lang.org/reference/items/external-blocks.html,external blocks,p,200,https://doc.rust-lang.org/reference/items/external-blocks.html,0,valid,,
baseline,https://rust.robertdevore.com/course/26-interop/,https://doc.rust-lang.org/reference/type-layout.html,type layout,p,200,https://doc.rust-lang.org/reference/type-layout.html,0,valid,,
baseline,https://rust.robertdevore.com/course/26-interop/,https://doc.rust-lang.org/nomicon/ffi.html#ffi-and-unwinding,FFI unwinding,p,200,https://doc.rust-lang.org/nomicon/ffi.html,0,valid,,
baseline,https://rust.robertdevore.com/course/26-interop/,https://serde.rs/,Serde,p,200,https://serde.rs/,0,valid,,
baseline,https://rust.robertdevore.com/course/26-interop/,https://goals.rust-lang.org/2026/interop-problem-map.html,interop work,p,200,https://goals.rust-lang.org/2026/interop-problem-map.html,0,valid,,
baseline,https://rust.robertdevore.com/course/26-interop/,https://github.com/robertdevore/rust.robertdevore.com,Source & exercises ↗,div,200,https://github.com/robertdevore/rust.robertdevore.com,0,valid,,
baseline,https://rust.robertdevore.com/course/27-capstone/,https://github.com/robertdevore/rust.robertdevore.com/blob/main/crates/audit-cli/src/main.rs,View the complete source,p,200,https://github.com/robertdevore/rust.robertdevore.com/blob/main/crates/audit-cli/src/main.rs,0,valid,,
baseline,https://rust.robertdevore.com/course/27-capstone/,https://doc.rust-lang.org/std/env/fn.args_os.html,args_os,p,200,https://doc.rust-lang.org/std/env/fn.args_os.html,0,valid,,
baseline,https://rust.robertdevore.com/course/27-capstone/,https://doc.rust-lang.org/cargo/commands/cargo-install.html,Cargo install,p,200,https://doc.rust-lang.org/cargo/commands/cargo-install.html,0,valid,,
baseline,https://rust.robertdevore.com/course/27-capstone/,https://doc.rust-lang.org/std/process/struct.ExitCode.html,ExitCode,p,200,https://doc.rust-lang.org/std/process/struct.ExitCode.html,0,valid,,
baseline,https://rust.robertdevore.com/course/27-capstone/,https://github.com/robertdevore/rust.robertdevore.com,Source & exercises ↗,div,200,https://github.com/robertdevore/rust.robertdevore.com,0,valid,,
baseline,https://rust.robertdevore.com/course/28-release/,https://github.com/robertdevore/rust.robertdevore.com/blob/main/examples/13_cargo.rs,View the tested source,p,200,https://github.com/robertdevore/rust.robertdevore.com/blob/main/examples/13_cargo.rs,0,valid,,
baseline,https://rust.robertdevore.com/course/28-release/,https://doc.rust-lang.org/cargo/reference/semver.html,semver compatibility,p,200,https://doc.rust-lang.org/cargo/reference/semver.html,0,valid,,
baseline,https://rust.robertdevore.com/course/28-release/,https://doc.rust-lang.org/cargo/reference/publishing.html,publishing,p,200,https://doc.rust-lang.org/cargo/reference/publishing.html,0,valid,,
baseline,https://rust.robertdevore.com/course/28-release/,https://github.com/obi1kenobi/cargo-semver-checks,cargo-semver-checks,p,200,https://github.com/obi1kenobi/cargo-semver-checks,0,valid,,
baseline,https://rust.robertdevore.com/course/28-release/,https://github.com/robertdevore/rust.robertdevore.com,Source & exercises ↗,div,200,https://github.com/robertdevore/rust.robertdevore.com,0,valid,,
baseline,https://rust.robertdevore.com/practice/,https://github.com/robertdevore/rust.robertdevore.com,Open the repository ↗,section,200,https://github.com/robertdevore/rust.robertdevore.com,0,valid,,
baseline,https://rust.robertdevore.com/practice/,https://github.com/robertdevore/rust.robertdevore.com,Source & exercises ↗,div,200,https://github.com/robertdevore/rust.robertdevore.com,0,valid,,
baseline,https://rust.robertdevore.com/about/,https://github.com/robertdevore/rust.robertdevore.com/blob/main/docs/research/ledger.md,evidence ledger,p,200,https://github.com/robertdevore/rust.robertdevore.com/blob/main/docs/research/ledger.md,0,valid,,
baseline,https://rust.robertdevore.com/about/,https://github.com/robertdevore/rust.robertdevore.com,source repository,p,200,https://github.com/robertdevore/rust.robertdevore.com,0,valid,,
baseline,https://rust.robertdevore.com/about/,https://robertdevore.com,Robert DeVore,p,200,https://robertdevore.com,0,valid,,
baseline,https://rust.robertdevore.com/about/,https://github.com/robertdevore/rust.robertdevore.com,Source & exercises ↗,div,200,https://github.com/robertdevore/rust.robertdevore.com,0,valid,,
