query,search_engine,date,country,device,page_found,observed_position_or_range,competing_results,rich_features,ai_result_presence,evidence,limitations
rust.robertdevore.com,Tool web search (underlying engine unspecified),2026-09-06,NOT AVAILABLE — DATA ACCESS REQUIRED,NOT AVAILABLE — DATA ACCESS REQUIRED,No identifiable domain result in returned sample,NOT AVAILABLE — DATA ACCESS REQUIRED,NOT AVAILABLE — DATA ACCESS REQUIRED,NOT AVAILABLE — DATA ACCESS REQUIRED,NOT AVAILABLE — DATA ACCESS REQUIRED,research-sources.md; tool search observation,"Uncontrolled discovery sample, not reproducible SERP rank; no conclusion about indexing or ranking"
learn Rust ownership borrowing course compiler exercises,Tool web search (underlying engine unspecified),2026-09-06,NOT AVAILABLE — DATA ACCESS REQUIRED,NOT AVAILABLE — DATA ACCESS REQUIRED,NOT AVAILABLE — DATA ACCESS REQUIRED,NOT AVAILABLE — DATA ACCESS REQUIRED,learningrust.org; rust-exercises.com; Microsoft Learn,NOT AVAILABLE — DATA ACCESS REQUIRED,NOT AVAILABLE — DATA ACCESS REQUIRED,research-sources.md; tool search observation,"Uncontrolled discovery sample, not reproducible SERP rank; no conclusion about indexing or ranking"
Rust move borrow compiler error practice,NOT AVAILABLE — DATA ACCESS REQUIRED,2026-09-06,NOT AVAILABLE — DATA ACCESS REQUIRED,NOT AVAILABLE — DATA ACCESS REQUIRED,NOT AVAILABLE — DATA ACCESS REQUIRED,NOT AVAILABLE — DATA ACCESS REQUIRED,NOT AVAILABLE — DATA ACCESS REQUIRED,NOT AVAILABLE — DATA ACCESS REQUIRED,NOT AVAILABLE — DATA ACCESS REQUIRED,NOT AVAILABLE — DATA ACCESS REQUIRED,"Uncontrolled discovery sample, not reproducible SERP rank; no conclusion about indexing or ranking"
Rust lifetime exercises,NOT AVAILABLE — DATA ACCESS REQUIRED,2026-09-06,NOT AVAILABLE — DATA ACCESS REQUIRED,NOT AVAILABLE — DATA ACCESS REQUIRED,NOT AVAILABLE — DATA ACCESS REQUIRED,NOT AVAILABLE — DATA ACCESS REQUIRED,NOT AVAILABLE — DATA ACCESS REQUIRED,NOT AVAILABLE — DATA ACCESS REQUIRED,NOT AVAILABLE — DATA ACCESS REQUIRED,NOT AVAILABLE — DATA ACCESS REQUIRED,"Uncontrolled discovery sample, not reproducible SERP rank; no conclusion about indexing or ranking"
Rust Result error handling course,NOT AVAILABLE — DATA ACCESS REQUIRED,2026-09-06,NOT AVAILABLE — DATA ACCESS REQUIRED,NOT AVAILABLE — DATA ACCESS REQUIRED,NOT AVAILABLE — DATA ACCESS REQUIRED,NOT AVAILABLE — DATA ACCESS REQUIRED,NOT AVAILABLE — DATA ACCESS REQUIRED,NOT AVAILABLE — DATA ACCESS REQUIRED,NOT AVAILABLE — DATA ACCESS REQUIRED,NOT AVAILABLE — DATA ACCESS REQUIRED,"Uncontrolled discovery sample, not reproducible SERP rank; no conclusion about indexing or ranking"
Rust iterator tutorial exercises,NOT AVAILABLE — DATA ACCESS REQUIRED,2026-09-06,NOT AVAILABLE — DATA ACCESS REQUIRED,NOT AVAILABLE — DATA ACCESS REQUIRED,NOT AVAILABLE — DATA ACCESS REQUIRED,NOT AVAILABLE — DATA ACCESS REQUIRED,NOT AVAILABLE — DATA ACCESS REQUIRED,NOT AVAILABLE — DATA ACCESS REQUIRED,NOT AVAILABLE — DATA ACCESS REQUIRED,NOT AVAILABLE — DATA ACCESS REQUIRED,"Uncontrolled discovery sample, not reproducible SERP rank; no conclusion about indexing or ranking"
Rust Send Sync thread course,NOT AVAILABLE — DATA ACCESS REQUIRED,2026-09-06,NOT AVAILABLE — DATA ACCESS REQUIRED,NOT AVAILABLE — DATA ACCESS REQUIRED,NOT AVAILABLE — DATA ACCESS REQUIRED,NOT AVAILABLE — DATA ACCESS REQUIRED,NOT AVAILABLE — DATA ACCESS REQUIRED,NOT AVAILABLE — DATA ACCESS REQUIRED,NOT AVAILABLE — DATA ACCESS REQUIRED,NOT AVAILABLE — DATA ACCESS REQUIRED,"Uncontrolled discovery sample, not reproducible SERP rank; no conclusion about indexing or ranking"
Rust Tokio cancellation exercise,NOT AVAILABLE — DATA ACCESS REQUIRED,2026-09-06,NOT AVAILABLE — DATA ACCESS REQUIRED,NOT AVAILABLE — DATA ACCESS REQUIRED,NOT AVAILABLE — DATA ACCESS REQUIRED,NOT AVAILABLE — DATA ACCESS REQUIRED,NOT AVAILABLE — DATA ACCESS REQUIRED,NOT AVAILABLE — DATA ACCESS REQUIRED,NOT AVAILABLE — DATA ACCESS REQUIRED,NOT AVAILABLE — DATA ACCESS REQUIRED,"Uncontrolled discovery sample, not reproducible SERP rank; no conclusion about indexing or ranking"
Rust unsafe Miri course,NOT AVAILABLE — DATA ACCESS REQUIRED,2026-09-06,NOT AVAILABLE — DATA ACCESS REQUIRED,NOT AVAILABLE — DATA ACCESS REQUIRED,NOT AVAILABLE — DATA ACCESS REQUIRED,NOT AVAILABLE — DATA ACCESS REQUIRED,NOT AVAILABLE — DATA ACCESS REQUIRED,NOT AVAILABLE — DATA ACCESS REQUIRED,NOT AVAILABLE — DATA ACCESS REQUIRED,NOT AVAILABLE — DATA ACCESS REQUIRED,"Uncontrolled discovery sample, not reproducible SERP rank; no conclusion about indexing or ranking"
Rust CLI capstone project,NOT AVAILABLE — DATA ACCESS REQUIRED,2026-09-06,NOT AVAILABLE — DATA ACCESS REQUIRED,NOT AVAILABLE — DATA ACCESS REQUIRED,NOT AVAILABLE — DATA ACCESS REQUIRED,NOT AVAILABLE — DATA ACCESS REQUIRED,NOT AVAILABLE — DATA ACCESS REQUIRED,NOT AVAILABLE — DATA ACCESS REQUIRED,NOT AVAILABLE — DATA ACCESS REQUIRED,NOT AVAILABLE — DATA ACCESS REQUIRED,"Uncontrolled discovery sample, not reproducible SERP rank; no conclusion about indexing or ranking"
Rust edition 2024 course,NOT AVAILABLE — DATA ACCESS REQUIRED,2026-09-06,NOT AVAILABLE — DATA ACCESS REQUIRED,NOT AVAILABLE — DATA ACCESS REQUIRED,NOT AVAILABLE — DATA ACCESS REQUIRED,NOT AVAILABLE — DATA ACCESS REQUIRED,NOT AVAILABLE — DATA ACCESS REQUIRED,NOT AVAILABLE — DATA ACCESS REQUIRED,NOT AVAILABLE — DATA ACCESS REQUIRED,NOT AVAILABLE — DATA ACCESS REQUIRED,"Uncontrolled discovery sample, not reproducible SERP rank; no conclusion about indexing or ranking"
Robert DeVore Rust course,NOT AVAILABLE — DATA ACCESS REQUIRED,2026-09-06,NOT AVAILABLE — DATA ACCESS REQUIRED,NOT AVAILABLE — DATA ACCESS REQUIRED,NOT AVAILABLE — DATA ACCESS REQUIRED,NOT AVAILABLE — DATA ACCESS REQUIRED,NOT AVAILABLE — DATA ACCESS REQUIRED,NOT AVAILABLE — DATA ACCESS REQUIRED,NOT AVAILABLE — DATA ACCESS REQUIRED,NOT AVAILABLE — DATA ACCESS REQUIRED,"Uncontrolled discovery sample, not reproducible SERP rank; no conclusion about indexing or ranking"
